,Man5,AA,AGn,GnGn,MGn,NaA,NaGn,NaNa,AAF,AGnF,AMF,GnGnF,MGnF,NaAF,NaGnF,NaNaF,Peptide
Exp,0.030,0,0,0.351,0.072,0,0,0,0,0,0,0.432,0.075,0,0,0,0.040
EN/RR/PLS,0.021,0.001,0.015,0.29,0.08,0.009,0.021,0.007,-0.013,0.028,0.003,0.389,0.076,-0.003,0.027,0.007,0.033
EN/RR/PLS Nested,0.0209,0.000725,0.0151,0.29,0.079,0.00937,0.0205,0.0065,-0.0124,0.0281,0.00263,0.383,0.0822,-0.00442,0.0269,0.0074,0.0337
Our ANN,,,,0.338,0.075,,,,,,,0.46,0.069,,,,
Our ANN Nested,,,,0.271,0.066,,,,,,,0.424,0.075,,,,
Train Mean,0.023,0.033,0.017,0.204,0.056,0.058,0.026,0.015,0.039,0.03,0.003,0.276,0.063,0.074,0.027,0.023,0.031
Exp Stdev,0.011,0,0,0.011,0.007,0,0,0,0,0,0,0.013,0.006,0,0,0,0.022
EN/RR/PLS Stdev,0.0000039,0.0000391,0.00000521,0.0000982,0.0000267,0.000078,0.00000192,0.0000197,0.0000502,0.00000698,0.000000895,0.000126,0.0000286,0.0000883,0.00000893,0.0000297,0.000000851
