,UDPGal,UDPGlc,GDPMan,GDPFuc,CMPNeu5Ac,UDPGalNAc,UDPGlcNAc
P6-168Exp,0.111918494071664,0.13638549089378,0.430949476903765,0.452744537978405,0.377829777472513,0.0523790996626977,0.0386380626641863
P6-216Exp,0.205249477705193,0.217963142584473,0.466646730266726,0.478193197527512,0.422581265775525,0.146272569871575,0.144958006421028
P6-264Exp,0.39258820149822,0.401548335230018,0.495545665243097,0.497654993722702,0.46795025751056,0.301132457856604,0.346360038596262
P6-288Exp,0.486795713899214,0.525084816227517,0.493788285704169,0.497065035984554,0.490719156666577,0.39407598769001,0.479435824138779
