,G0-GnGn,G0F-GnGnF,G1F-AGnF,G2-AA,G2F-AAF,Man5
P6-168Exp,0.042676902549474,0.449571764876238,0.393915088922541,0.00195244946600025,0.0632794683467398,0.0162081355798862
P6-216Exp,0.0393369782217747,0.417493994038989,0.412911010668631,0.0042456899838178,0.0730729543664007,0.0151147458408166
P6-264Exp,0.0364225212560994,0.389890740613592,0.426597881614409,0.00451464929753922,0.0850602024499383,0.013787947187508
P6-288Exp,0.0336869390962543,0.375833999196648,0.444340049671168,0.00385215876374347,0.087625218289684,0.011838241054235
